<?xml version="1.0" encoding="utf-8" standalone="yes"?>
<rss version="2.0" xmlns:atom="http://www.w3.org/2005/Atom">
  <channel>
    <title>Cashkaroes on My New Hugo Site</title>
    <link>https://example.org/cashkaro/</link>
    <description>Recent content in Cashkaroes on My New Hugo Site</description>
    <generator>Hugo</generator>
    <language>en-us</language>
    <atom:link href="https://example.org/cashkaro/index.xml" rel="self" type="application/rss+xml" />
    <item>
      <title></title>
      <link>https://example.org/cashkaro/</link>
      <pubDate>Mon, 01 Jan 0001 00:00:00 +0000</pubDate>
      <guid>https://example.org/cashkaro/</guid>
      <description></description>
    </item>
  </channel>
</rss>
